gene,SNP,position,counted allele,"call rate, cases",MAF cases,MAF controls,HWE p cases,HWE p controls,allelic OR (case vs control),allelic p,"allelic q (BH, 25 SNPs)"
IL1A,rs1800587,-889,A,484/490 (98.8%),0.284,0.294,0.665,0.249,0.95,0.6193,0.91
IL1A,rs17561,,A,481/490 (98.2%),0.282,0.292,0.852,0.175,0.95,0.6125,0.91
IL1B,rs1143643,,T,488/490 (99.6%),0.388,0.385,0.148,0.886,1.01,0.8734,0.91
IL1B,rs16944,-511,A,488/490 (99.6%),0.339,0.334,0.404,0.291,1.02,0.8187,0.91
IL1B,rs1143623,,G,488/490 (99.6%),0.291,0.28,0.881,0.227,1.06,0.5873,0.91
IL1B,rs1143633,,T,482/490 (98.4%),0.384,0.38,0.177,0.59,1.02,0.8652,0.91
IL1B,rs1143627,-31,G,487/490 (99.4%),0.345,0.338,0.428,0.46,1.03,0.7597,0.91
IL1RN,rs419598,,C,483/490 (98.6%),0.294,0.265,0.784,0.198,1.16,0.1484,0.569
IL1RN,rs315952,,C,488/490 (99.6%),0.375,0.355,0.484,0.165,1.09,0.354,0.804
IL1RN,rs9005,,A,484/490 (98.8%),0.296,0.292,0.104,0.586,1.02,0.8373,0.91
IL1RN,rs4251961,,C,482/490 (98.4%),0.314,0.352,0.896,0.36,0.85,0.0783,0.569
IL6,rs1800797,-597,A,471/490 (96.1%),0.451,0.456,0.443,0.447,0.98,0.8371,0.91
IL6,rs1800795,-174,C,490/490 (100.0%),0.461,0.459,0.966,0.577,1.01,0.9311,0.931
IL6R,rs2228145,Asp358Ala,C,483/490 (98.6%),0.381,0.332,0.861,0.221,1.24,0.022,0.551
IL6R,rs4537545,,T,487/490 (99.4%),0.375,0.336,0.906,0.274,1.18,0.0689,0.569
IL6R,rs4845617,,A,486/490 (99.2%),0.361,0.355,0.787,0.813,1.03,0.7583,0.91
IL10,rs1800871,-819,A,486/490 (99.2%),0.226,0.25,0.586,0.203,0.88,0.2049,0.569
IL10,rs1800872,-592,T,458/490 (93.5%),0.225,0.25,0.447,0.193,0.87,0.2003,0.569
IL10,rs1800896,-1082,C,488/490 (99.6%),0.47,0.446,0.707,0.724,1.1,0.2816,0.704
IL10,rs1800890,-3575,T,486/490 (99.2%),0.4,0.372,0.976,0.447,1.13,0.1889,0.569
IL10,rs6676671,,A,483/490 (98.6%),0.4,0.371,0.867,0.55,1.13,0.1876,0.569
IL10RA,rs2229113,,A,483/490 (98.6%),0.336,0.34,0.733,0.238,0.98,0.8596,0.91
IL10RA,rs3135932,,G,486/490 (99.2%),0.216,0.204,0.128,0.726,1.08,0.4981,0.91
TGFB1,rs1800469,-509,A,483/490 (98.6%),0.336,0.353,0.248,0.506,0.93,0.4287,0.893
TGFB1,rs1800470,+869 (Leu10Pro),G,482/490 (98.4%),0.392,0.425,0.082,0.693,0.87,0.1404,0.569
