gene,marker 1,marker 2,n,r2,flag (r2 > 0.8)
IL1A,rs1800587,rs17561,475,1.0,yes
IL1B,rs1143643,rs16944,486,0.186,
IL1B,rs1143643,rs1143623,486,0.14,
IL1B,rs1143643,rs1143633,480,0.977,yes
IL1B,rs1143643,rs1143627,485,0.183,
IL1B,rs16944,rs1143623,486,0.771,
IL1B,rs16944,rs1143633,480,0.18,
IL1B,rs16944,rs1143627,485,0.981,yes
IL1B,rs1143623,rs1143633,480,0.142,
IL1B,rs1143623,rs1143627,485,0.784,
IL1B,rs1143633,rs1143627,479,0.177,
IL1RN,VNTR,rs419598,477,0.849,yes
IL1RN,VNTR,rs315952,482,0.067,
IL1RN,VNTR,rs9005,478,0.502,
IL1RN,VNTR,rs4251961,476,0.186,
IL1RN,rs419598,rs315952,481,0.071,
IL1RN,rs419598,rs9005,479,0.559,
IL1RN,rs419598,rs4251961,477,0.209,
IL1RN,rs315952,rs9005,483,0.235,
IL1RN,rs315952,rs4251961,481,0.16,
IL1RN,rs9005,rs4251961,476,0.141,
IL6,rs1800797,rs1800795,471,0.963,yes
IL6R,rs2228145,rs4537545,481,0.915,yes
IL6R,rs2228145,rs4845617,479,0.024,
IL6R,rs4537545,rs4845617,483,0.027,
IL10,rs1800871,rs1800872,455,0.988,yes
IL10,rs1800871,rs1800896,485,0.253,
IL10,rs1800871,rs1800890,483,0.19,
IL10,rs1800871,rs6676671,479,0.19,
IL10,rs1800872,rs1800896,458,0.264,
IL10,rs1800872,rs1800890,456,0.195,
IL10,rs1800872,rs6676671,452,0.197,
IL10,rs1800896,rs1800890,484,0.745,
IL10,rs1800896,rs6676671,481,0.745,
IL10,rs1800890,rs6676671,480,0.996,yes
IL10RA,rs2229113,rs3135932,481,0.466,
TGFB1,rs1800469,rs1800470,477,0.764,
